model,category,sample_index,image_id,relative_path,target_class_id,target_class_name,baseline_top1_class_id,baseline_top1_class_name,fudd_top1_class_id,fudd_top1_class_name,baseline_target_rank,fudd_target_rank,target_in_baseline_top10,top1_changed_by_fudd
openai_clip,degraded,0,1,001.Black_footed_Albatross/Black_Footed_Albatross_0046_18.jpg,0,Black-footed Albatross,0,Black-footed Albatross,2,Sooty Albatross,1,2,True,True
openai_clip,degraded,1,3,001.Black_footed_Albatross/Black_Footed_Albatross_0002_55.jpg,0,Black-footed Albatross,0,Black-footed Albatross,2,Sooty Albatross,1,2,True,True
openai_clip,degraded,4,12,001.Black_footed_Albatross/Black_Footed_Albatross_0086_796062.jpg,0,Black-footed Albatross,0,Black-footed Albatross,2,Sooty Albatross,1,2,True,True
openai_clip,degraded,5,13,001.Black_footed_Albatross/Black_Footed_Albatross_0049_796063.jpg,0,Black-footed Albatross,0,Black-footed Albatross,2,Sooty Albatross,1,2,True,True
openai_clip,degraded,11,24,001.Black_footed_Albatross/Black_Footed_Albatross_0061_796082.jpg,0,Black-footed Albatross,0,Black-footed Albatross,1,Laysan Albatross,1,2,True,True
openai_clip,degraded,14,27,001.Black_footed_Albatross/Black_Footed_Albatross_0024_796089.jpg,0,Black-footed Albatross,0,Black-footed Albatross,2,Sooty Albatross,1,2,True,True
openai_clip,degraded,24,48,001.Black_footed_Albatross/Black_Footed_Albatross_0078_796126.jpg,0,Black-footed Albatross,0,Black-footed Albatross,2,Sooty Albatross,1,3,True,True
openai_clip,degraded,119,240,005.Crested_Auklet/Crested_Auklet_0042_794902.jpg,4,Crested Auklet,4,Crested Auklet,7,Rhinoceros Auklet,1,2,True,True
openai_clip,degraded,129,277,005.Crested_Auklet/Crested_Auklet_0070_785261.jpg,4,Crested Auklet,4,Crested Auklet,7,Rhinoceros Auklet,1,2,True,True
openai_clip,degraded,132,286,006.Least_Auklet/Least_Auklet_0014_1901.jpg,5,Least Auklet,5,Least Auklet,7,Rhinoceros Auklet,1,2,True,True
openai_clip,degraded,134,298,006.Least_Auklet/Least_Auklet_0039_795081.jpg,5,Least Auklet,5,Least Auklet,6,Parakeet Auklet,1,2,True,True
openai_clip,degraded,137,308,006.Least_Auklet/Least_Auklet_0055_795106.jpg,5,Least Auklet,5,Least Auklet,7,Rhinoceros Auklet,1,2,True,True
openai_clip,degraded,261,582,011.Rusty_Blackbird/Rusty_Blackbird_0105_6937.jpg,10,Rusty Blackbird,10,Rusty Blackbird,8,Brewer Blackbird,1,2,True,True
openai_clip,degraded,356,774,014.Indigo_Bunting/Indigo_Bunting_0077_14060.jpg,13,Indigo Bunting,13,Indigo Bunting,14,Lazuli Bunting,1,2,True,True
openai_clip,degraded,411,887,016.Painted_Bunting/Painted_Bunting_0021_15295.jpg,15,Painted Bunting,15,Painted Bunting,14,Lazuli Bunting,1,2,True,True
openai_clip,degraded,449,973,018.Spotted_Catbird/Spotted_Catbird_0003_796822.jpg,17,Spotted Catbird,17,Spotted Catbird,26,Shiny Cowbird,1,3,True,True
openai_clip,degraded,454,993,018.Spotted_Catbird/Spotted_Catbird_0009_796795.jpg,17,Spotted Catbird,17,Spotted Catbird,147,Green-tailed Towhee,1,2,True,True
openai_clip,degraded,586,1265,023.Brandt_Cormorant/Brandt_Cormorant_0049_22924.jpg,22,Brandt Cormorant,22,Brandt Cormorant,24,Pelagic Cormorant,1,2,True,True
openai_clip,degraded,587,1266,023.Brandt_Cormorant/Brandt_Cormorant_0030_22926.jpg,22,Brandt Cormorant,22,Brandt Cormorant,24,Pelagic Cormorant,1,3,True,True
openai_clip,degraded,589,1268,023.Brandt_Cormorant/Brandt_Cormorant_0036_22937.jpg,22,Brandt Cormorant,22,Brandt Cormorant,24,Pelagic Cormorant,1,2,True,True
openai_clip,degraded,610,1316,024.Red_faced_Cormorant/Red_Faced_Cormorant_0015_796307.jpg,23,Red-faced Cormorant,23,Red-faced Cormorant,24,Pelagic Cormorant,1,2,True,True
openai_clip,degraded,618,1335,024.Red_faced_Cormorant/Red_Faced_Cormorant_0066_796333.jpg,23,Red-faced Cormorant,23,Red-faced Cormorant,24,Pelagic Cormorant,1,3,True,True
openai_clip,degraded,655,1412,026.Bronzed_Cowbird/Bronzed_Cowbird_0091_796212.jpg,25,Bronzed Cowbird,25,Bronzed Cowbird,26,Shiny Cowbird,1,3,True,True
openai_clip,degraded,665,1430,026.Bronzed_Cowbird/Bronzed_Cowbird_0076_796235.jpg,25,Bronzed Cowbird,25,Bronzed Cowbird,26,Shiny Cowbird,1,2,True,True
openai_clip,degraded,671,1437,026.Bronzed_Cowbird/Bronzed_Cowbird_0003_796246.jpg,25,Bronzed Cowbird,25,Bronzed Cowbird,29,Fish Crow,1,4,True,True
openai_clip,degraded,674,1446,026.Bronzed_Cowbird/Bronzed_Cowbird_0082_24175.jpg,25,Bronzed Cowbird,25,Bronzed Cowbird,26,Shiny Cowbird,1,2,True,True
openai_clip,degraded,675,1448,026.Bronzed_Cowbird/Bronzed_Cowbird_0021_24189.jpg,25,Bronzed Cowbird,25,Bronzed Cowbird,26,Shiny Cowbird,1,3,True,True
openai_clip,degraded,681,1462,026.Bronzed_Cowbird/Bronzed_Cowbird_0016_796245.jpg,25,Bronzed Cowbird,25,Bronzed Cowbird,10,Rusty Blackbird,1,2,True,True
openai_clip,degraded,772,1644,030.Fish_Crow/Fish_Crow_0059_25864.jpg,29,Fish Crow,29,Fish Crow,28,American Crow,1,2,True,True
openai_clip,degraded,780,1659,030.Fish_Crow/Fish_Crow_0085_25919.jpg,29,Fish Crow,29,Fish Crow,28,American Crow,1,2,True,True
openai_clip,degraded,792,1683,030.Fish_Crow/Fish_Crow_0020_26027.jpg,29,Fish Crow,29,Fish Crow,28,American Crow,1,2,True,True
openai_clip,degraded,817,1736,031.Black_billed_Cuckoo/Black_Billed_Cuckoo_0073_795304.jpg,30,Black-billed Cuckoo,30,Black-billed Cuckoo,31,Mangrove Cuckoo,1,2,True,True
openai_clip,degraded,858,1828,033.Yellow_billed_Cuckoo/Yellow_Billed_Cuckoo_0060_26686.jpg,32,Yellow-billed Cuckoo,32,Yellow-billed Cuckoo,31,Mangrove Cuckoo,1,2,True,True
openai_clip,degraded,859,1829,033.Yellow_billed_Cuckoo/Yellow_Billed_Cuckoo_0007_26687.jpg,32,Yellow-billed Cuckoo,32,Yellow-billed Cuckoo,31,Mangrove Cuckoo,1,2,True,True
openai_clip,degraded,864,1843,033.Yellow_billed_Cuckoo/Yellow_Billed_Cuckoo_0053_26738.jpg,32,Yellow-billed Cuckoo,32,Yellow-billed Cuckoo,30,Black-billed Cuckoo,1,2,True,True
openai_clip,degraded,866,1845,033.Yellow_billed_Cuckoo/Yellow_Billed_Cuckoo_0077_26431.jpg,32,Yellow-billed Cuckoo,32,Yellow-billed Cuckoo,30,Black-billed Cuckoo,1,2,True,True
openai_clip,degraded,873,1857,033.Yellow_billed_Cuckoo/Yellow_Billed_Cuckoo_0116_26544.jpg,32,Yellow-billed Cuckoo,32,Yellow-billed Cuckoo,31,Mangrove Cuckoo,1,3,True,True
openai_clip,degraded,884,1876,034.Gray_crowned_Rosy_Finch/Gray_Crowned_Rosy_Finch_0027_27153.jpg,33,Gray-crowned-Rosy Finch,33,Gray-crowned-Rosy Finch,55,Pine Grosbeak,1,2,True,True
openai_clip,degraded,886,1884,034.Gray_crowned_Rosy_Finch/Gray_Crowned_Rosy_Finch_0076_27200.jpg,33,Gray-crowned-Rosy Finch,33,Gray-crowned-Rosy Finch,38,Least Flycatcher,1,6,True,True
openai_clip,degraded,902,1913,034.Gray_crowned_Rosy_Finch/Gray_Crowned_Rosy_Finch_0034_797305.jpg,33,Gray-crowned-Rosy Finch,33,Gray-crowned-Rosy Finch,14,Lazuli Bunting,1,2,True,True
openai_clip,degraded,911,1931,034.Gray_crowned_Rosy_Finch/Gray_Crowned_Rosy_Finch_0028_27114.jpg,33,Gray-crowned-Rosy Finch,33,Gray-crowned-Rosy Finch,123,Le-Conte Sparrow,1,5,True,True
openai_clip,degraded,987,2084,037.Acadian_Flycatcher/Acadian_Flycatcher_0021_795594.jpg,36,Acadian Flycatcher,36,Acadian Flycatcher,98,Ovenbird,1,2,True,True
openai_clip,degraded,1047,2207,039.Least_Flycatcher/Least_Flycatcher_0062_30131.jpg,38,Least Flycatcher,38,Least Flycatcher,39,Olive-sided Flycatcher,1,2,True,True
openai_clip,degraded,1048,2209,039.Least_Flycatcher/Least_Flycatcher_0004_30140.jpg,38,Least Flycatcher,38,Least Flycatcher,36,Acadian Flycatcher,1,5,True,True
openai_clip,degraded,1056,2223,039.Least_Flycatcher/Least_Flycatcher_0050_30189.jpg,38,Least Flycatcher,38,Least Flycatcher,36,Acadian Flycatcher,1,2,True,True
openai_clip,degraded,1059,2230,039.Least_Flycatcher/Least_Flycatcher_0018_30462.jpg,38,Least Flycatcher,38,Least Flycatcher,39,Olive-sided Flycatcher,1,2,True,True
openai_clip,degraded,1121,2355,042.Vermilion_Flycatcher/Vermilion_Flycatcher_0070_42250.jpg,41,Vermilion Flycatcher,41,Vermilion Flycatcher,34,Purple Finch,1,3,True,True
openai_clip,degraded,1177,2466,043.Yellow_bellied_Flycatcher/Yellow_Bellied_Flycatcher_0039_795471.jpg,42,Yellow-bellied Flycatcher,42,Yellow-bellied Flycatcher,36,Acadian Flycatcher,1,2,True,True
openai_clip,degraded,1343,2799,049.Boat_tailed_Grackle/Boat_Tailed_Grackle_0108_33398.jpg,48,Boat-tailed Grackle,48,Boat-tailed Grackle,25,Bronzed Cowbird,1,2,True,True
openai_clip,degraded,1345,2802,049.Boat_tailed_Grackle/Boat_Tailed_Grackle_0049_33422.jpg,48,Boat-tailed Grackle,48,Boat-tailed Grackle,26,Shiny Cowbird,1,2,True,True
openai_clip,degraded,1356,2824,049.Boat_tailed_Grackle/Boat_Tailed_Grackle_0122_34023.jpg,48,Boat-tailed Grackle,48,Boat-tailed Grackle,28,American Crow,1,3,True,True
openai_clip,degraded,1357,2826,049.Boat_tailed_Grackle/Boat_Tailed_Grackle_0055_33774.jpg,48,Boat-tailed Grackle,48,Boat-tailed Grackle,28,American Crow,1,3,True,True
openai_clip,degraded,1402,2917,051.Horned_Grebe/Horned_Grebe_0096_34452.jpg,50,Horned Grebe,50,Horned Grebe,49,Eared Grebe,1,2,True,True
openai_clip,degraded,1425,2963,052.Pied_billed_Grebe/Pied_Billed_Grebe_0078_35410.jpg,51,Pied-billed Grebe,51,Pied-billed Grebe,49,Eared Grebe,1,2,True,True
openai_clip,degraded,1452,3015,053.Western_Grebe/Western_Grebe_0102_36116.jpg,52,Western Grebe,52,Western Grebe,49,Eared Grebe,1,2,True,True
openai_clip,degraded,1457,3025,053.Western_Grebe/Western_Grebe_0089_36154.jpg,52,Western Grebe,52,Western Grebe,85,Pacific Loon,1,2,True,True
openai_clip,degraded,1460,3034,053.Western_Grebe/Western_Grebe_0090_36182.jpg,52,Western Grebe,52,Western Grebe,85,Pacific Loon,1,3,True,True
openai_clip,degraded,1466,3053,053.Western_Grebe/Western_Grebe_0051_36249.jpg,52,Western Grebe,52,Western Grebe,50,Horned Grebe,1,2,True,True
openai_clip,degraded,1471,3059,053.Western_Grebe/Western_Grebe_0036_36521.jpg,52,Western Grebe,52,Western Grebe,50,Horned Grebe,1,2,True,True
openai_clip,degraded,1472,3060,053.Western_Grebe/Western_Grebe_0011_36522.jpg,52,Western Grebe,52,Western Grebe,49,Eared Grebe,1,2,True,True
openai_clip,degraded,1474,3062,053.Western_Grebe/Western_Grebe_0021_36282.jpg,52,Western Grebe,52,Western Grebe,49,Eared Grebe,1,3,True,True
openai_clip,degraded,1484,3078,054.Blue_Grosbeak/Blue_Grosbeak_0109_36914.jpg,53,Blue Grosbeak,53,Blue Grosbeak,14,Lazuli Bunting,1,2,True,True
openai_clip,degraded,1486,3081,054.Blue_Grosbeak/Blue_Grosbeak_0049_37180.jpg,53,Blue Grosbeak,53,Blue Grosbeak,14,Lazuli Bunting,1,2,True,True
openai_clip,degraded,1488,3084,054.Blue_Grosbeak/Blue_Grosbeak_0024_36680.jpg,53,Blue Grosbeak,53,Blue Grosbeak,14,Lazuli Bunting,1,2,True,True
openai_clip,degraded,1494,3099,054.Blue_Grosbeak/Blue_Grosbeak_0106_36986.jpg,53,Blue Grosbeak,53,Blue Grosbeak,14,Lazuli Bunting,1,2,True,True
openai_clip,degraded,1495,3100,054.Blue_Grosbeak/Blue_Grosbeak_0085_36990.jpg,53,Blue Grosbeak,53,Blue Grosbeak,14,Lazuli Bunting,1,2,True,True
openai_clip,degraded,1501,3111,054.Blue_Grosbeak/Blue_Grosbeak_0087_36780.jpg,53,Blue Grosbeak,53,Blue Grosbeak,14,Lazuli Bunting,1,2,True,True
openai_clip,degraded,1502,3112,054.Blue_Grosbeak/Blue_Grosbeak_0048_36809.jpg,53,Blue Grosbeak,53,Blue Grosbeak,14,Lazuli Bunting,1,2,True,True
openai_clip,degraded,1505,3124,054.Blue_Grosbeak/Blue_Grosbeak_0002_36648.jpg,53,Blue Grosbeak,53,Blue Grosbeak,14,Lazuli Bunting,1,2,True,True
openai_clip,degraded,1514,3137,055.Evening_Grosbeak/Evening_Grosbeak_0028_37410.jpg,54,Evening Grosbeak,54,Evening Grosbeak,46,American Goldfinch,1,2,True,True
openai_clip,degraded,1662,3442,060.Glaucous_winged_Gull/Glaucous_Winged_Gull_0112_44731.jpg,59,Glaucous-winged Gull,59,Glaucous-winged Gull,58,California Gull,1,3,True,True
openai_clip,degraded,1677,3470,060.Glaucous_winged_Gull/Glaucous_Winged_Gull_0011_44827.jpg,59,Glaucous-winged Gull,59,Glaucous-winged Gull,58,California Gull,1,3,True,True
openai_clip,degraded,1680,3475,060.Glaucous_winged_Gull/Glaucous_Winged_Gull_0111_44856.jpg,59,Glaucous-winged Gull,59,Glaucous-winged Gull,58,California Gull,1,2,True,True
openai_clip,degraded,1695,3500,061.Heermann_Gull/Heermann_Gull_0034_45693.jpg,60,Heermann Gull,60,Heermann Gull,58,California Gull,1,2,True,True
openai_clip,degraded,1780,3677,064.Ring_billed_Gull/Ring_Billed_Gull_0044_50239.jpg,63,Ring-billed Gull,63,Ring-billed Gull,58,California Gull,1,2,True,True
openai_clip,degraded,1782,3680,064.Ring_billed_Gull/Ring_Billed_Gull_0038_51275.jpg,63,Ring-billed Gull,63,Ring-billed Gull,58,California Gull,1,2,True,True
openai_clip,degraded,1784,3683,064.Ring_billed_Gull/Ring_Billed_Gull_0021_51300.jpg,63,Ring-billed Gull,63,Ring-billed Gull,58,California Gull,1,4,True,True
openai_clip,degraded,1790,3696,064.Ring_billed_Gull/Ring_Billed_Gull_0115_51891.jpg,63,Ring-billed Gull,63,Ring-billed Gull,58,California Gull,1,3,True,True
openai_clip,degraded,1792,3699,064.Ring_billed_Gull/Ring_Billed_Gull_0083_51407.jpg,63,Ring-billed Gull,63,Ring-billed Gull,61,Herring Gull,1,2,True,True
openai_clip,degraded,1794,3705,064.Ring_billed_Gull/Ring_Billed_Gull_0051_51440.jpg,63,Ring-billed Gull,63,Ring-billed Gull,58,California Gull,1,2,True,True
openai_clip,degraded,1800,3716,064.Ring_billed_Gull/Ring_Billed_Gull_0056_51523.jpg,63,Ring-billed Gull,63,Ring-billed Gull,58,California Gull,1,4,True,True
openai_clip,degraded,1806,3727,065.Slaty_backed_Gull/Slaty_Backed_Gull_0017_796034.jpg,64,Slaty-backed Gull,64,Slaty-backed Gull,58,California Gull,1,3,True,True
openai_clip,degraded,1811,3742,065.Slaty_backed_Gull/Slaty_Backed_Gull_0066_796016.jpg,64,Slaty-backed Gull,64,Slaty-backed Gull,58,California Gull,1,3,True,True
openai_clip,degraded,1812,3744,065.Slaty_backed_Gull/Slaty_Backed_Gull_0079_796020.jpg,64,Slaty-backed Gull,64,Slaty-backed Gull,61,Herring Gull,1,2,True,True
openai_clip,degraded,1813,3745,065.Slaty_backed_Gull/Slaty_Backed_Gull_0022_796022.jpg,64,Slaty-backed Gull,64,Slaty-backed Gull,65,Western Gull,1,3,True,True
openai_clip,degraded,1814,3749,065.Slaty_backed_Gull/Slaty_Backed_Gull_0035_796026.jpg,64,Slaty-backed Gull,64,Slaty-backed Gull,65,Western Gull,1,2,True,True
openai_clip,degraded,1815,3750,065.Slaty_backed_Gull/Slaty_Backed_Gull_0075_796027.jpg,64,Slaty-backed Gull,64,Slaty-backed Gull,58,California Gull,1,3,True,True
openai_clip,degraded,1816,3751,065.Slaty_backed_Gull/Slaty_Backed_Gull_0024_796028.jpg,64,Slaty-backed Gull,64,Slaty-backed Gull,58,California Gull,1,3,True,True
openai_clip,degraded,1820,3760,065.Slaty_backed_Gull/Slaty_Backed_Gull_0050_796045.jpg,64,Slaty-backed Gull,64,Slaty-backed Gull,65,Western Gull,1,2,True,True
openai_clip,degraded,1822,3766,065.Slaty_backed_Gull/Slaty_Backed_Gull_0036_796053.jpg,64,Slaty-backed Gull,64,Slaty-backed Gull,58,California Gull,1,3,True,True
openai_clip,degraded,1824,3768,065.Slaty_backed_Gull/Slaty_Backed_Gull_0085_53158.jpg,64,Slaty-backed Gull,64,Slaty-backed Gull,58,California Gull,1,3,True,True
openai_clip,degraded,1887,3899,068.Ruby_throated_Hummingbird/Ruby_Throated_Hummingbird_0077_57858.jpg,67,Ruby-throated Hummingbird,67,Ruby-throated Hummingbird,66,Anna Hummingbird,1,2,True,True
openai_clip,degraded,1893,3911,068.Ruby_throated_Hummingbird/Ruby_Throated_Hummingbird_0090_57411.jpg,67,Ruby-throated Hummingbird,67,Ruby-throated Hummingbird,66,Anna Hummingbird,1,2,True,True
openai_clip,degraded,1900,3925,068.Ruby_throated_Hummingbird/Ruby_Throated_Hummingbird_0118_57536.jpg,67,Ruby-throated Hummingbird,67,Ruby-throated Hummingbird,66,Anna Hummingbird,1,2,True,True
openai_clip,degraded,1901,3926,068.Ruby_throated_Hummingbird/Ruby_Throated_Hummingbird_0075_57537.jpg,67,Ruby-throated Hummingbird,67,Ruby-throated Hummingbird,66,Anna Hummingbird,1,2,True,True
openai_clip,degraded,1909,3940,068.Ruby_throated_Hummingbird/Ruby_Throated_Hummingbird_0008_58204.jpg,67,Ruby-throated Hummingbird,67,Ruby-throated Hummingbird,66,Anna Hummingbird,1,2,True,True
openai_clip,degraded,1910,3943,068.Ruby_throated_Hummingbird/Ruby_Throated_Hummingbird_0013_57212.jpg,67,Ruby-throated Hummingbird,67,Ruby-throated Hummingbird,66,Anna Hummingbird,1,2,True,True
openai_clip,degraded,1914,3951,068.Ruby_throated_Hummingbird/Ruby_Throated_Hummingbird_0120_58316.jpg,67,Ruby-throated Hummingbird,67,Ruby-throated Hummingbird,66,Anna Hummingbird,1,2,True,True
openai_clip,degraded,1937,3994,069.Rufous_Hummingbird/Rufous_Hummingbird_0081_59592.jpg,68,Rufous Hummingbird,68,Rufous Hummingbird,67,Ruby-throated Hummingbird,1,2,True,True
openai_clip,degraded,1945,4014,069.Rufous_Hummingbird/Rufous_Hummingbird_0121_59376.jpg,68,Rufous Hummingbird,68,Rufous Hummingbird,66,Anna Hummingbird,1,2,True,True
openai_clip,degraded,1998,4119,071.Long_tailed_Jaeger/Long_Tailed_Jaeger_0051_797095.jpg,70,Long-tailed Jaeger,70,Long-tailed Jaeger,43,Frigatebird,1,2,True,True
openai_clip,degraded,1999,4120,071.Long_tailed_Jaeger/Long_Tailed_Jaeger_0016_797084.jpg,70,Long-tailed Jaeger,70,Long-tailed Jaeger,140,Artic Tern,1,2,True,True
openai_clip,degraded,2010,4144,072.Pomarine_Jaeger/Pomarine_Jaeger_0051_795738.jpg,71,Pomarine Jaeger,71,Pomarine Jaeger,43,Frigatebird,1,2,True,True
openai_clip,degraded,2016,4153,072.Pomarine_Jaeger/Pomarine_Jaeger_0042_795755.jpg,71,Pomarine Jaeger,71,Pomarine Jaeger,2,Sooty Albatross,1,2,True,True
openai_clip,degraded,2019,4168,072.Pomarine_Jaeger/Pomarine_Jaeger_0021_795776.jpg,71,Pomarine Jaeger,71,Pomarine Jaeger,91,Nighthawk,1,2,True,True
openai_clip,degraded,2020,4169,072.Pomarine_Jaeger/Pomarine_Jaeger_0011_795777.jpg,71,Pomarine Jaeger,71,Pomarine Jaeger,65,Western Gull,1,3,True,True
openai_clip,degraded,2024,4177,072.Pomarine_Jaeger/Pomarine_Jaeger_0049_795795.jpg,71,Pomarine Jaeger,71,Pomarine Jaeger,85,Pacific Loon,1,2,True,True
openai_clip,degraded,2034,4195,072.Pomarine_Jaeger/Pomarine_Jaeger_0015_61429.jpg,71,Pomarine Jaeger,71,Pomarine Jaeger,65,Western Gull,1,3,True,True
openai_clip,degraded,2070,4265,074.Florida_Jay/Florida_Jay_0016_65051.jpg,73,Florida Jay,73,Florida Jay,72,Blue Jay,1,2,True,True
openai_clip,degraded,2074,4280,074.Florida_Jay/Florida_Jay_0012_64887.jpg,73,Florida Jay,73,Florida Jay,72,Blue Jay,1,2,True,True
openai_clip,degraded,2095,4315,074.Florida_Jay/Florida_Jay_0017_65017.jpg,73,Florida Jay,73,Florida Jay,72,Blue Jay,1,2,True,True
openai_clip,degraded,2183,4496,078.Gray_Kingbird/Gray_Kingbird_0056_70156.jpg,77,Gray Kingbird,77,Gray Kingbird,76,Tropical Kingbird,1,2,True,True
openai_clip,degraded,2189,4503,078.Gray_Kingbird/Gray_Kingbird_0077_70191.jpg,77,Gray Kingbird,77,Gray Kingbird,76,Tropical Kingbird,1,2,True,True
openai_clip,degraded,2194,4512,078.Gray_Kingbird/Gray_Kingbird_0054_70264.jpg,77,Gray Kingbird,77,Gray Kingbird,76,Tropical Kingbird,1,2,True,True
openai_clip,degraded,2197,4516,078.Gray_Kingbird/Gray_Kingbird_0082_795014.jpg,77,Gray Kingbird,77,Gray Kingbird,76,Tropical Kingbird,1,2,True,True
openai_clip,degraded,2203,4533,078.Gray_Kingbird/Gray_Kingbird_0031_70308.jpg,77,Gray Kingbird,77,Gray Kingbird,37,Great-Crested Flycatcher,1,3,True,True
openai_clip,degraded,2208,4543,078.Gray_Kingbird/Gray_Kingbird_0013_70135.jpg,77,Gray Kingbird,77,Gray Kingbird,76,Tropical Kingbird,1,2,True,True
openai_clip,degraded,2211,4552,078.Gray_Kingbird/Gray_Kingbird_0051_70139.jpg,77,Gray Kingbird,77,Gray Kingbird,76,Tropical Kingbird,1,2,True,True
openai_clip,degraded,2334,4796,083.White_breasted_Kingfisher/White_Breasted_Kingfisher_0004_73741.jpg,82,White-breasted Kingfisher,82,White-breasted Kingfisher,79,Green Kingfisher,1,2,True,True
openai_clip,degraded,2345,4818,083.White_breasted_Kingfisher/White_Breasted_Kingfisher_0067_73300.jpg,82,White-breasted Kingfisher,82,White-breasted Kingfisher,79,Green Kingfisher,1,2,True,True
openai_clip,degraded,2350,4827,083.White_breasted_Kingfisher/White_Breasted_Kingfisher_0017_73355.jpg,82,White-breasted Kingfisher,82,White-breasted Kingfisher,79,Green Kingfisher,1,2,True,True
openai_clip,degraded,2379,4890,084.Red_legged_Kittiwake/Red_Legged_Kittiwake_0042_795457.jpg,83,Red-legged Kittiwake,83,Red-legged Kittiwake,58,California Gull,1,2,True,True
openai_clip,degraded,2689,5515,095.Baltimore_Oriole/Baltimore_Oriole_0126_89651.jpg,94,Baltimore Oriole,94,Baltimore Oriole,97,Scott Oriole,1,2,True,True
openai_clip,degraded,2697,5530,095.Baltimore_Oriole/Baltimore_Oriole_0042_87216.jpg,94,Baltimore Oriole,94,Baltimore Oriole,97,Scott Oriole,1,2,True,True
openai_clip,degraded,2703,5538,095.Baltimore_Oriole/Baltimore_Oriole_0065_87303.jpg,94,Baltimore Oriole,94,Baltimore Oriole,97,Scott Oriole,1,2,True,True
openai_clip,degraded,2706,5542,095.Baltimore_Oriole/Baltimore_Oriole_0082_87838.jpg,94,Baltimore Oriole,94,Baltimore Oriole,97,Scott Oriole,1,3,True,True
openai_clip,degraded,2712,5551,095.Baltimore_Oriole/Baltimore_Oriole_0109_87398.jpg,94,Baltimore Oriole,94,Baltimore Oriole,97,Scott Oriole,1,2,True,True
openai_clip,degraded,2717,5569,096.Hooded_Oriole/Hooded_Oriole_0037_91156.jpg,95,Hooded Oriole,95,Hooded Oriole,96,Orchard Oriole,1,2,True,True
openai_clip,degraded,2731,5598,096.Hooded_Oriole/Hooded_Oriole_0045_90415.jpg,95,Hooded Oriole,95,Hooded Oriole,97,Scott Oriole,1,2,True,True
openai_clip,degraded,2735,5610,096.Hooded_Oriole/Hooded_Oriole_0107_89985.jpg,95,Hooded Oriole,95,Hooded Oriole,97,Scott Oriole,1,2,True,True
openai_clip,degraded,2740,5617,096.Hooded_Oriole/Hooded_Oriole_0082_90045.jpg,95,Hooded Oriole,95,Hooded Oriole,97,Scott Oriole,1,2,True,True
openai_clip,degraded,2766,5667,097.Orchard_Oriole/Orchard_Oriole_0017_91801.jpg,96,Orchard Oriole,96,Orchard Oriole,139,Summer Tanager,1,2,True,True
openai_clip,degraded,2841,5814,100.Brown_Pelican/Brown_Pelican_0097_93767.jpg,99,Brown Pelican,99,Brown Pelican,100,White Pelican,1,2,True,True
openai_clip,degraded,2890,5924,102.Western_Wood_Pewee/Western_Wood_Pewee_0032_98121.jpg,101,Western-Wood Pewee,101,Western-Wood Pewee,38,Least Flycatcher,1,2,True,True
openai_clip,degraded,2897,5936,102.Western_Wood_Pewee/Western_Wood_Pewee_0010_98204.jpg,101,Western-Wood Pewee,101,Western-Wood Pewee,39,Olive-sided Flycatcher,1,4,True,True
openai_clip,degraded,2901,5942,102.Western_Wood_Pewee/Western_Wood_Pewee_0073_795044.jpg,101,Western-Wood Pewee,101,Western-Wood Pewee,38,Least Flycatcher,1,2,True,True
openai_clip,degraded,2912,5973,102.Western_Wood_Pewee/Western_Wood_Pewee_0069_98299.jpg,101,Western-Wood Pewee,101,Western-Wood Pewee,38,Least Flycatcher,1,3,True,True
openai_clip,degraded,3025,6206,107.Common_Raven/Common_Raven_0070_101896.jpg,106,Common Raven,106,Common Raven,28,American Crow,1,2,True,True
openai_clip,degraded,3055,6268,108.White_necked_Raven/White_Necked_Raven_0034_102598.jpg,107,White-necked Raven,107,White-necked Raven,106,Common Raven,1,2,True,True
openai_clip,degraded,3064,6282,108.White_necked_Raven/White_Necked_Raven_0048_797345.jpg,107,White-necked Raven,107,White-necked Raven,106,Common Raven,1,2,True,True
openai_clip,degraded,3070,6298,108.White_necked_Raven/White_Necked_Raven_0024_797364.jpg,107,White-necked Raven,107,White-necked Raven,43,Frigatebird,1,5,True,True
openai_clip,degraded,3071,6299,108.White_necked_Raven/White_Necked_Raven_0060_797365.jpg,107,White-necked Raven,107,White-necked Raven,106,Common Raven,1,2,True,True
openai_clip,degraded,3072,6300,108.White_necked_Raven/White_Necked_Raven_0011_797367.jpg,107,White-necked Raven,107,White-necked Raven,106,Common Raven,1,2,True,True
openai_clip,degraded,3073,6304,108.White_necked_Raven/White_Necked_Raven_0056_797373.jpg,107,White-necked Raven,107,White-necked Raven,106,Common Raven,1,4,True,True
openai_clip,degraded,3074,6307,108.White_necked_Raven/White_Necked_Raven_0019_797377.jpg,107,White-necked Raven,107,White-necked Raven,106,Common Raven,1,3,True,True
openai_clip,degraded,3079,6315,108.White_necked_Raven/White_Necked_Raven_0008_797389.jpg,107,White-necked Raven,107,White-necked Raven,29,Fish Crow,1,2,True,True
openai_clip,degraded,3085,6327,109.American_Redstart/American_Redstart_0103_102946.jpg,108,American Redstart,108,American Redstart,97,Scott Oriole,1,2,True,True
openai_clip,degraded,3098,6355,109.American_Redstart/American_Redstart_0002_103723.jpg,108,American Redstart,108,American Redstart,97,Scott Oriole,1,2,True,True
openai_clip,degraded,3106,6374,109.American_Redstart/American_Redstart_0047_102860.jpg,108,American Redstart,108,American Redstart,97,Scott Oriole,1,2,True,True
openai_clip,degraded,3149,6456,111.Loggerhead_Shrike/Loggerhead_Shrike_0091_105076.jpg,110,Loggerhead Shrike,110,Loggerhead Shrike,111,Great-Grey Shrike,1,2,True,True
openai_clip,degraded,3194,6549,112.Great_Grey_Shrike/Great_Grey_Shrike_0082_106650.jpg,111,Great-Grey Shrike,111,Great-Grey Shrike,110,Loggerhead Shrike,1,2,True,True
openai_clip,degraded,3195,6550,112.Great_Grey_Shrike/Great_Grey_Shrike_0012_106661.jpg,111,Great-Grey Shrike,111,Great-Grey Shrike,110,Loggerhead Shrike,1,2,True,True
openai_clip,degraded,3233,6628,114.Black_throated_Sparrow/Black_Throated_Sparrow_0015_107079.jpg,113,Black-throated Sparrow,113,Black-throated Sparrow,127,Seaside Sparrow,1,2,True,True
openai_clip,degraded,3240,6646,114.Black_throated_Sparrow/Black_Throated_Sparrow_0060_107177.jpg,113,Black-throated Sparrow,113,Black-throated Sparrow,84,Horned Lark,1,2,True,True
openai_clip,degraded,3294,6755,116.Chipping_Sparrow/Chipping_Sparrow_0062_110187.jpg,115,Chipping Sparrow,115,Chipping Sparrow,129,Tree Sparrow,1,2,True,True
openai_clip,degraded,3312,6793,117.Clay_colored_Sparrow/Clay_Colored_Sparrow_0072_110851.jpg,116,Clay-colored Sparrow,116,Clay-colored Sparrow,122,Henslow Sparrow,1,4,True,True
openai_clip,degraded,3317,6801,117.Clay_colored_Sparrow/Clay_Colored_Sparrow_0042_797243.jpg,116,Clay-colored Sparrow,116,Clay-colored Sparrow,122,Henslow Sparrow,1,4,True,True
openai_clip,degraded,3321,6808,117.Clay_colored_Sparrow/Clay_Colored_Sparrow_0034_797252.jpg,116,Clay-colored Sparrow,116,Clay-colored Sparrow,127,Seaside Sparrow,1,3,True,True
openai_clip,degraded,3322,6812,117.Clay_colored_Sparrow/Clay_Colored_Sparrow_0085_797260.jpg,116,Clay-colored Sparrow,116,Clay-colored Sparrow,122,Henslow Sparrow,1,3,True,True
openai_clip,degraded,3325,6816,117.Clay_colored_Sparrow/Clay_Colored_Sparrow_0093_110677.jpg,116,Clay-colored Sparrow,116,Clay-colored Sparrow,127,Seaside Sparrow,1,5,True,True
openai_clip,degraded,3329,6830,117.Clay_colored_Sparrow/Clay_Colored_Sparrow_0046_110728.jpg,116,Clay-colored Sparrow,116,Clay-colored Sparrow,123,Le-Conte Sparrow,1,5,True,True
openai_clip,degraded,3330,6831,117.Clay_colored_Sparrow/Clay_Colored_Sparrow_0083_110734.jpg,116,Clay-colored Sparrow,116,Clay-colored Sparrow,123,Le-Conte Sparrow,1,6,True,True
openai_clip,degraded,3336,6842,117.Clay_colored_Sparrow/Clay_Colored_Sparrow_0100_110545.jpg,116,Clay-colored Sparrow,116,Clay-colored Sparrow,115,Chipping Sparrow,1,4,True,True
openai_clip,degraded,3345,6856,118.House_Sparrow/House_Sparrow_0025_111669.jpg,117,House Sparrow,117,House Sparrow,129,Tree Sparrow,1,2,True,True
openai_clip,degraded,3349,6866,118.House_Sparrow/House_Sparrow_0052_112252.jpg,117,House Sparrow,117,House Sparrow,129,Tree Sparrow,1,2,True,True
openai_clip,degraded,3399,6967,119.Field_Sparrow/Field_Sparrow_0112_114159.jpg,118,Field Sparrow,118,Field Sparrow,120,Grasshopper Sparrow,1,2,True,True
openai_clip,degraded,3401,6972,120.Fox_Sparrow/Fox_Sparrow_0106_114720.jpg,119,Fox Sparrow,119,Fox Sparrow,128,Song Sparrow,1,2,True,True
openai_clip,degraded,3415,7005,120.Fox_Sparrow/Fox_Sparrow_0125_114557.jpg,119,Fox Sparrow,119,Fox Sparrow,128,Song Sparrow,1,2,True,True
openai_clip,degraded,3431,7032,121.Grasshopper_Sparrow/Grasshopper_Sparrow_0117_115983.jpg,120,Grasshopper Sparrow,120,Grasshopper Sparrow,87,Western Meadowlark,1,3,True,True
openai_clip,degraded,3539,7247,124.Le_Conte_Sparrow/Le_Conte_Sparrow_0012_795211.jpg,123,Le-Conte Sparrow,123,Le-Conte Sparrow,128,Song Sparrow,1,2,True,True
openai_clip,degraded,3604,7383,126.Nelson_Sharp_tailed_Sparrow/Nelson_Sharp_Tailed_Sparrow_0029_796923.jpg,125,Nelson-Sharp-tailed Sparrow,125,Nelson-Sharp-tailed Sparrow,123,Le-Conte Sparrow,1,2,True,True
openai_clip,degraded,3609,7388,127.Savannah_Sparrow/Savannah_Sparrow_0023_120326.jpg,126,Savannah Sparrow,126,Savannah Sparrow,123,Le-Conte Sparrow,1,2,True,True
openai_clip,degraded,3627,7424,127.Savannah_Sparrow/Savannah_Sparrow_0032_120109.jpg,126,Savannah Sparrow,126,Savannah Sparrow,128,Song Sparrow,1,2,True,True
openai_clip,degraded,3862,7903,135.Bank_Swallow/Bank_Swallow_0061_129484.jpg,134,Bank Swallow,134,Bank Swallow,38,Least Flycatcher,1,2,True,True
openai_clip,degraded,3934,8037,137.Cliff_Swallow/Cliff_Swallow_0041_134111.jpg,136,Cliff Swallow,136,Cliff Swallow,134,Bank Swallow,1,2,True,True
openai_clip,degraded,4010,8189,140.Summer_Tanager/Summer_Tanager_0062_140633.jpg,139,Summer Tanager,139,Summer Tanager,138,Scarlet Tanager,1,2,True,True
openai_clip,degraded,4019,8210,140.Summer_Tanager/Summer_Tanager_0069_139941.jpg,139,Summer Tanager,139,Summer Tanager,138,Scarlet Tanager,1,2,True,True
openai_clip,degraded,4077,8326,142.Black_Tern/Black_Tern_0033_144328.jpg,141,Black Tern,141,Black Tern,145,Forsters Tern,1,2,True,True
openai_clip,degraded,4118,8412,144.Common_Tern/Common_Tern_0075_148528.jpg,143,Common Tern,143,Common Tern,140,Artic Tern,1,2,True,True
openai_clip,degraded,4121,8418,144.Common_Tern/Common_Tern_0063_147789.jpg,143,Common Tern,143,Common Tern,140,Artic Tern,1,2,True,True
openai_clip,degraded,4132,8438,144.Common_Tern/Common_Tern_0108_149672.jpg,143,Common Tern,143,Common Tern,144,Elegant Tern,1,2,True,True
openai_clip,degraded,4137,8444,144.Common_Tern/Common_Tern_0050_148928.jpg,143,Common Tern,143,Common Tern,144,Elegant Tern,1,2,True,True
openai_clip,degraded,4138,8446,144.Common_Tern/Common_Tern_0051_150469.jpg,143,Common Tern,143,Common Tern,142,Caspian Tern,1,2,True,True
openai_clip,degraded,4139,8447,144.Common_Tern/Common_Tern_0044_148680.jpg,143,Common Tern,143,Common Tern,144,Elegant Tern,1,2,True,True
openai_clip,degraded,4140,8448,144.Common_Tern/Common_Tern_0047_149195.jpg,143,Common Tern,143,Common Tern,144,Elegant Tern,1,3,True,True
openai_clip,degraded,4182,8531,146.Forsters_Tern/Forsters_Tern_0043_151332.jpg,145,Forsters Tern,145,Forsters Tern,142,Caspian Tern,1,4,True,True
openai_clip,degraded,4203,8578,146.Forsters_Tern/Forsters_Tern_0099_152529.jpg,145,Forsters Tern,145,Forsters Tern,143,Common Tern,1,4,True,True
openai_clip,degraded,4209,8591,147.Least_Tern/Least_Tern_0025_153678.jpg,146,Least Tern,146,Least Tern,144,Elegant Tern,1,2,True,True
openai_clip,degraded,4220,8613,147.Least_Tern/Least_Tern_0096_153868.jpg,146,Least Tern,146,Least Tern,144,Elegant Tern,1,2,True,True
openai_clip,degraded,4237,8644,148.Green_tailed_Towhee/Green_Tailed_Towhee_0109_797440.jpg,147,Green-tailed Towhee,147,Green-tailed Towhee,172,Orange-crowned Warbler,1,2,True,True
openai_clip,degraded,4293,8758,149.Brown_Thrasher/Brown_Thrasher_0113_155111.jpg,148,Brown Thrasher,148,Brown Thrasher,149,Sage Thrasher,1,2,True,True
openai_clip,degraded,4294,8760,149.Brown_Thrasher/Brown_Thrasher_0063_155127.jpg,148,Brown Thrasher,148,Brown Thrasher,119,Fox Sparrow,1,2,True,True
openai_clip,degraded,4340,8859,151.Black_capped_Vireo/Black_Capped_Vireo_0011_797488.jpg,150,Black-capped Vireo,150,Black-capped Vireo,151,Blue-headed Vireo,1,2,True,True
openai_clip,degraded,4378,8936,153.Philadelphia_Vireo/Philadelphia_Vireo_0008_156551.jpg,152,Philadelphia Vireo,152,Philadelphia Vireo,154,Warbling Vireo,1,2,True,True
openai_clip,degraded,4379,8937,153.Philadelphia_Vireo/Philadelphia_Vireo_0060_156555.jpg,152,Philadelphia Vireo,152,Philadelphia Vireo,154,Warbling Vireo,1,2,True,True
openai_clip,degraded,4383,8945,153.Philadelphia_Vireo/Philadelphia_Vireo_0050_156538.jpg,152,Philadelphia Vireo,152,Philadelphia Vireo,154,Warbling Vireo,1,2,True,True
openai_clip,degraded,4387,8956,153.Philadelphia_Vireo/Philadelphia_Vireo_0021_794765.jpg,152,Philadelphia Vireo,152,Philadelphia Vireo,154,Warbling Vireo,1,2,True,True
openai_clip,degraded,4390,8965,153.Philadelphia_Vireo/Philadelphia_Vireo_0062_794777.jpg,152,Philadelphia Vireo,152,Philadelphia Vireo,154,Warbling Vireo,1,2,True,True
openai_clip,degraded,4396,8976,153.Philadelphia_Vireo/Philadelphia_Vireo_0023_794797.jpg,152,Philadelphia Vireo,152,Philadelphia Vireo,154,Warbling Vireo,1,2,True,True
openai_clip,degraded,4397,8978,153.Philadelphia_Vireo/Philadelphia_Vireo_0059_794799.jpg,152,Philadelphia Vireo,152,Philadelphia Vireo,156,Yellow-throated Vireo,1,2,True,True
openai_clip,degraded,4399,8980,153.Philadelphia_Vireo/Philadelphia_Vireo_0016_156598.jpg,152,Philadelphia Vireo,152,Philadelphia Vireo,154,Warbling Vireo,1,2,True,True
openai_clip,degraded,4401,8984,153.Philadelphia_Vireo/Philadelphia_Vireo_0058_156558.jpg,152,Philadelphia Vireo,152,Philadelphia Vireo,154,Warbling Vireo,1,2,True,True
openai_clip,degraded,4403,8988,153.Philadelphia_Vireo/Philadelphia_Vireo_0041_156642.jpg,152,Philadelphia Vireo,152,Philadelphia Vireo,172,Orange-crowned Warbler,1,4,True,True
openai_clip,degraded,4407,8994,154.Red_eyed_Vireo/Red_Eyed_Vireo_0132_156686.jpg,153,Red-eyed Vireo,153,Red-eyed Vireo,154,Warbling Vireo,1,3,True,True
openai_clip,degraded,4476,9135,156.White_eyed_Vireo/White_Eyed_Vireo_0115_158932.jpg,155,White-eyed Vireo,155,White-eyed Vireo,154,Warbling Vireo,1,2,True,True
openai_clip,degraded,4492,9169,156.White_eyed_Vireo/White_Eyed_Vireo_0086_159202.jpg,155,White-eyed Vireo,155,White-eyed Vireo,152,Philadelphia Vireo,1,2,True,True
openai_clip,degraded,4505,9183,157.Yellow_throated_Vireo/Yellow_Throated_Vireo_0074_159571.jpg,156,Yellow-throated Vireo,156,Yellow-throated Vireo,174,Pine Warbler,1,3,True,True
openai_clip,degraded,4512,9198,157.Yellow_throated_Vireo/Yellow_Throated_Vireo_0011_794986.jpg,156,Yellow-throated Vireo,156,Yellow-throated Vireo,174,Pine Warbler,1,2,True,True
openai_clip,degraded,4517,9215,157.Yellow_throated_Vireo/Yellow_Throated_Vireo_0002_159625.jpg,156,Yellow-throated Vireo,156,Yellow-throated Vireo,174,Pine Warbler,1,6,True,True
openai_clip,degraded,4519,9217,157.Yellow_throated_Vireo/Yellow_Throated_Vireo_0082_159597.jpg,156,Yellow-throated Vireo,156,Yellow-throated Vireo,160,Blue-winged Warbler,1,2,True,True
openai_clip,degraded,4521,9222,157.Yellow_throated_Vireo/Yellow_Throated_Vireo_0042_159655.jpg,156,Yellow-throated Vireo,156,Yellow-throated Vireo,174,Pine Warbler,1,3,True,True
openai_clip,degraded,4553,9285,158.Bay_breasted_Warbler/Bay_Breasted_Warbler_0110_159735.jpg,157,Bay-breasted Warbler,157,Bay-breasted Warbler,97,Scott Oriole,1,2,True,True
openai_clip,degraded,4566,9319,159.Black_and_white_Warbler/Black_And_White_Warbler_0106_160014.jpg,158,Black-and-white Warbler,158,Black-and-white Warbler,154,Warbling Vireo,1,6,True,True
openai_clip,degraded,4611,9403,160.Black_throated_Blue_Warbler/Black_Throated_Blue_Warbler_0086_161716.jpg,159,Black-throated-Blue Warbler,159,Black-throated-Blue Warbler,38,Least Flycatcher,1,2,True,True
openai_clip,degraded,4618,9419,161.Blue_winged_Warbler/Blue_Winged_Warbler_0013_161816.jpg,160,Blue-winged Warbler,160,Blue-winged Warbler,165,Golden-winged Warbler,1,2,True,True
openai_clip,degraded,4624,9433,161.Blue_winged_Warbler/Blue_Winged_Warbler_0025_161873.jpg,160,Blue-winged Warbler,160,Blue-winged Warbler,179,Wilson Warbler,1,2,True,True
openai_clip,degraded,4628,9440,161.Blue_winged_Warbler/Blue_Winged_Warbler_0078_161889.jpg,160,Blue-winged Warbler,160,Blue-winged Warbler,165,Golden-winged Warbler,1,2,True,True
openai_clip,degraded,4645,9472,162.Canada_Warbler/Canada_Warbler_0119_162307.jpg,161,Canada Warbler,161,Canada Warbler,167,Kentucky Warbler,1,2,True,True
openai_clip,degraded,4661,9504,162.Canada_Warbler/Canada_Warbler_0117_162394.jpg,161,Canada Warbler,161,Canada Warbler,167,Kentucky Warbler,1,2,True,True
openai_clip,degraded,4667,9518,162.Canada_Warbler/Canada_Warbler_0002_162426.jpg,161,Canada Warbler,161,Canada Warbler,167,Kentucky Warbler,1,2,True,True
openai_clip,degraded,4741,9663,165.Chestnut_sided_Warbler/Chestnut_Sided_Warbler_0033_163607.jpg,164,Chestnut-sided Warbler,164,Chestnut-sided Warbler,165,Golden-winged Warbler,1,2,True,True
openai_clip,degraded,4745,9673,165.Chestnut_sided_Warbler/Chestnut_Sided_Warbler_0034_163911.jpg,164,Chestnut-sided Warbler,164,Chestnut-sided Warbler,162,Cape-May Warbler,1,2,True,True
openai_clip,degraded,4795,9773,167.Hooded_Warbler/Hooded_Warbler_0028_164883.jpg,166,Hooded Warbler,166,Hooded Warbler,179,Wilson Warbler,1,2,True,True
openai_clip,degraded,4800,9782,167.Hooded_Warbler/Hooded_Warbler_0125_164925.jpg,166,Hooded Warbler,166,Hooded Warbler,167,Kentucky Warbler,1,2,True,True
openai_clip,degraded,4801,9785,167.Hooded_Warbler/Hooded_Warbler_0128_164620.jpg,166,Hooded Warbler,166,Hooded Warbler,167,Kentucky Warbler,1,2,True,True
openai_clip,degraded,4802,9787,167.Hooded_Warbler/Hooded_Warbler_0072_22097.jpg,166,Hooded Warbler,166,Hooded Warbler,199,Common Yellowthroat,1,2,True,True
openai_clip,degraded,4804,9790,167.Hooded_Warbler/Hooded_Warbler_0133_165016.jpg,166,Hooded Warbler,166,Hooded Warbler,167,Kentucky Warbler,1,2,True,True
openai_clip,degraded,4805,9791,167.Hooded_Warbler/Hooded_Warbler_0035_165040.jpg,166,Hooded Warbler,166,Hooded Warbler,167,Kentucky Warbler,1,2,True,True
openai_clip,degraded,4807,9796,167.Hooded_Warbler/Hooded_Warbler_0117_165106.jpg,166,Hooded Warbler,166,Hooded Warbler,199,Common Yellowthroat,1,2,True,True
openai_clip,degraded,4813,9807,167.Hooded_Warbler/Hooded_Warbler_0112_164650.jpg,166,Hooded Warbler,166,Hooded Warbler,167,Kentucky Warbler,1,2,True,True
openai_clip,degraded,4817,9817,167.Hooded_Warbler/Hooded_Warbler_0019_164710.jpg,166,Hooded Warbler,166,Hooded Warbler,167,Kentucky Warbler,1,2,True,True
openai_clip,degraded,4861,9907,169.Magnolia_Warbler/Magnolia_Warbler_0039_165532.jpg,168,Magnolia Warbler,168,Magnolia Warbler,162,Cape-May Warbler,1,2,True,True
openai_clip,degraded,4874,9927,169.Magnolia_Warbler/Magnolia_Warbler_0022_165693.jpg,168,Magnolia Warbler,168,Magnolia Warbler,175,Prairie Warbler,1,2,True,True
openai_clip,degraded,4875,9931,169.Magnolia_Warbler/Magnolia_Warbler_0043_165774.jpg,168,Magnolia Warbler,168,Magnolia Warbler,174,Pine Warbler,1,2,True,True
openai_clip,degraded,4900,9990,170.Mourning_Warbler/Mourning_Warbler_0060_795355.jpg,169,Mourning Warbler,169,Mourning Warbler,167,Kentucky Warbler,1,3,True,True
openai_clip,degraded,4907,9999,170.Mourning_Warbler/Mourning_Warbler_0065_795374.jpg,169,Mourning Warbler,169,Mourning Warbler,167,Kentucky Warbler,1,2,True,True
openai_clip,degraded,4927,10042,171.Myrtle_Warbler/Myrtle_Warbler_0087_166783.jpg,170,Myrtle Warbler,170,Myrtle Warbler,175,Prairie Warbler,1,2,True,True
openai_clip,degraded,4985,10154,173.Orange_crowned_Warbler/Orange_Crowned_Warbler_0094_167584.jpg,172,Orange-crowned Warbler,172,Orange-crowned Warbler,181,Yellow Warbler,1,2,True,True
openai_clip,degraded,4987,10163,173.Orange_crowned_Warbler/Orange_Crowned_Warbler_0011_167615.jpg,172,Orange-crowned Warbler,172,Orange-crowned Warbler,174,Pine Warbler,1,2,True,True
openai_clip,degraded,4988,10164,173.Orange_crowned_Warbler/Orange_Crowned_Warbler_0019_167626.jpg,172,Orange-crowned Warbler,172,Orange-crowned Warbler,178,Tennessee Warbler,1,2,True,True
openai_clip,degraded,4996,10178,173.Orange_crowned_Warbler/Orange_Crowned_Warbler_0005_168314.jpg,172,Orange-crowned Warbler,172,Orange-crowned Warbler,174,Pine Warbler,1,2,True,True
openai_clip,degraded,5098,10384,177.Prothonotary_Warbler/Prothonotary_Warbler_0022_174138.jpg,176,Prothonotary Warbler,176,Prothonotary Warbler,181,Yellow Warbler,1,2,True,True
openai_clip,degraded,5100,10386,177.Prothonotary_Warbler/Prothonotary_Warbler_0090_174183.jpg,176,Prothonotary Warbler,176,Prothonotary Warbler,178,Tennessee Warbler,1,2,True,True
openai_clip,degraded,5107,10396,177.Prothonotary_Warbler/Prothonotary_Warbler_0057_173865.jpg,176,Prothonotary Warbler,176,Prothonotary Warbler,175,Prairie Warbler,1,2,True,True
openai_clip,degraded,5118,10423,177.Prothonotary_Warbler/Prothonotary_Warbler_0100_174539.jpg,176,Prothonotary Warbler,176,Prothonotary Warbler,165,Golden-winged Warbler,1,3,True,True
openai_clip,degraded,5125,10439,178.Swainson_Warbler/Swainson_Warbler_0013_794892.jpg,177,Swainson Warbler,177,Swainson Warbler,36,Acadian Flycatcher,1,2,True,True
openai_clip,degraded,5126,10442,178.Swainson_Warbler/Swainson_Warbler_0042_794895.jpg,177,Swainson Warbler,177,Swainson Warbler,180,Worm-eating Warbler,1,2,True,True
openai_clip,degraded,5130,10449,178.Swainson_Warbler/Swainson_Warbler_0026_794884.jpg,177,Swainson Warbler,177,Swainson Warbler,180,Worm-eating Warbler,1,2,True,True
openai_clip,degraded,5133,10454,178.Swainson_Warbler/Swainson_Warbler_0033_794856.jpg,177,Swainson Warbler,177,Swainson Warbler,180,Worm-eating Warbler,1,2,True,True
openai_clip,degraded,5291,10775,183.Northern_Waterthrush/Northern_Waterthrush_0072_177121.jpg,182,Northern Waterthrush,182,Northern Waterthrush,98,Ovenbird,1,2,True,True
openai_clip,degraded,5301,10798,184.Louisiana_Waterthrush/Louisiana_Waterthrush_0053_795241.jpg,183,Louisiana Waterthrush,183,Louisiana Waterthrush,182,Northern Waterthrush,1,2,True,True
openai_clip,degraded,5341,10872,185.Bohemian_Waxwing/Bohemian_Waxwing_0082_796655.jpg,184,Bohemian Waxwing,184,Bohemian Waxwing,185,Cedar Waxwing,1,2,True,True
openai_clip,degraded,5388,10971,187.American_Three_toed_Woodpecker/American_Three_Toed_Woodpecker_0040_796180.jpg,186,American-Three-toed Woodpecker,186,American-Three-toed Woodpecker,191,Downy Woodpecker,1,2,True,True
openai_clip,degraded,5389,10973,187.American_Three_toed_Woodpecker/American_Three_Toed_Woodpecker_0047_796185.jpg,186,American-Three-toed Woodpecker,186,American-Three-toed Woodpecker,191,Downy Woodpecker,1,2,True,True
openai_clip,degraded,5391,10976,187.American_Three_toed_Woodpecker/American_Three_Toed_Woodpecker_0019_179870.jpg,186,American-Three-toed Woodpecker,186,American-Three-toed Woodpecker,191,Downy Woodpecker,1,2,True,True
openai_clip,degraded,5392,10981,187.American_Three_toed_Woodpecker/American_Three_Toed_Woodpecker_0014_179882.jpg,186,American-Three-toed Woodpecker,186,American-Three-toed Woodpecker,191,Downy Woodpecker,1,2,True,True
openai_clip,degraded,5393,10984,187.American_Three_toed_Woodpecker/American_Three_Toed_Woodpecker_0003_179891.jpg,186,American-Three-toed Woodpecker,186,American-Three-toed Woodpecker,191,Downy Woodpecker,1,2,True,True
openai_clip,degraded,5403,11010,187.American_Three_toed_Woodpecker/American_Three_Toed_Woodpecker_0026_796157.jpg,186,American-Three-toed Woodpecker,186,American-Three-toed Woodpecker,191,Downy Woodpecker,1,2,True,True
openai_clip,degraded,5404,11011,187.American_Three_toed_Woodpecker/American_Three_Toed_Woodpecker_0035_796158.jpg,186,American-Three-toed Woodpecker,186,American-Three-toed Woodpecker,191,Downy Woodpecker,1,2,True,True
openai_clip,degraded,5460,11125,189.Red_bellied_Woodpecker/Red_Bellied_Woodpecker_0092_182235.jpg,188,Red-bellied Woodpecker,188,Red-bellied Woodpecker,189,Red-cockaded Woodpecker,1,2,True,True
openai_clip,degraded,5585,11371,194.Cactus_Wren/Cactus_Wren_0009_185871.jpg,193,Cactus Wren,193,Cactus Wren,197,Rock Wren,1,2,True,True
openai_clip,degraded,5610,11419,194.Cactus_Wren/Cactus_Wren_0045_185556.jpg,193,Cactus Wren,193,Cactus Wren,91,Nighthawk,1,2,True,True
openai_clip,degraded,5680,11564,197.Marsh_Wren/Marsh_Wren_0053_188276.jpg,196,Marsh Wren,196,Marsh Wren,194,Carolina Wren,1,2,True,True
openai_clip,degraded,5736,11673,199.Winter_Wren/Winter_Wren_0062_189501.jpg,198,Winter Wren,198,Winter Wren,195,House Wren,1,2,True,True
openai_clip,degraded,5751,11700,199.Winter_Wren/Winter_Wren_0111_189596.jpg,198,Winter Wren,198,Winter Wren,192,Bewick Wren,1,2,True,True
openai_clip,degraded,5760,11720,199.Winter_Wren/Winter_Wren_0003_189838.jpg,198,Winter Wren,198,Winter Wren,192,Bewick Wren,1,2,True,True
